symbol,sector,sub_sector
ABB,Healthcare,Pharmaceuticals
ADANIENSOL,Power,Power Transmission
ADANIENT,Holding Company,Diversified
ADANIGREEN,Power,Renewable Power
ADANIPORTS,Ports,Ports and Logistics
ADANIPOWER,Power,Power Generation
AMBUJACEM,Cement,Cement
APOLLOHOSP,Healthcare,Hospitals
ASIANPAINT,Paint,Paints and Coatings
ATGL,Energy,Gas Distribution
AXISBANK,Banking,Private Bank
BAJAJ-AUTO,Auto,Two Wheelers
BAJAJFINSV,NBFC,Financial Services
BAJAJHLDNG,Holding Company,Investment Holding
BAJFINANCE,NBFC,Consumer Finance
BANKBARODA,Banking,Public Bank
BEL,Consumer Goods,Electronics and Defence
BHARTIARTL,Consumer Goods,Telecom Services
BHEL,Power,Power Equipment
BOSCHLTD,Auto,Auto Components
BPCL,Energy,Oil Marketing
BRITANNIA,Consumer Goods,FMCG
CANBK,Banking,Public Bank
CHOLAFIN,NBFC,Vehicle Finance
CIPLA,Healthcare,Pharmaceuticals
COALINDIA,Energy,Coal
DABUR,Consumer Goods,FMCG
DIVISLAB,Healthcare,Pharmaceuticals
DLF,Consumer Goods,Real Estate
DMART,Consumer Goods,Retail
DRREDDY,Healthcare,Pharmaceuticals
EICHERMOT,Auto,Two Wheelers
GAIL,Energy,Gas Transmission
GODREJCP,Consumer Goods,FMCG
GRASIM,Cement,Cement and Diversified
HAL,Consumer Goods,Aerospace and Defence
HAVELLS,Consumer Goods,Electricals
HCLTECH,IT,IT Services
HDFCBANK,Banking,Private Bank
HDFCLIFE,Insurance,Life Insurance
HEROMOTOCO,Auto,Two Wheelers
HINDALCO,Consumer Goods,Metals
HINDUNILVR,Consumer Goods,FMCG
ICICIBANK,Banking,Private Bank
ICICIGI,Insurance,General Insurance
ICICIPRULI,Insurance,Life Insurance
INDIGO,Consumer Goods,Aviation
INDUSINDBK,Banking,Private Bank
INFY,IT,IT Services
IOC,Energy,Oil Marketing
IRCTC,Consumer Goods,Railway Services
IRFC,NBFC,Infrastructure Finance
ITC,Consumer Goods,FMCG
JINDALSTEL,Consumer Goods,Metals
JIOFIN,NBFC,Financial Services
JSWENERGY,Power,Power Generation
JSWSTEEL,Consumer Goods,Metals
KOTAKBANK,Banking,Private Bank
LICI,Insurance,Life Insurance
LODHA,Consumer Goods,Real Estate
LT,Consumer Goods,Engineering and Construction
LTIM,IT,IT Services
M&M,Auto,Passenger and Commercial Vehicles
MARUTI,Auto,Passenger Vehicles
MOTHERSON,Auto,Auto Components
NAUKRI,IT,Internet Services
NESTLEIND,Consumer Goods,FMCG
NHPC,Power,Hydro Power
NTPC,Power,Power Generation
ONGC,Energy,Oil and Gas Exploration
PFC,NBFC,Power Finance
PIDILITIND,Consumer Goods,Specialty Chemicals
PNB,Banking,Public Bank
POWERGRID,Power,Power Transmission
RECLTD,NBFC,Power Finance
RELIANCE,Energy,"Oil, Retail and Telecom"
SBILIFE,Insurance,Life Insurance
SBIN,Banking,Public Bank
SHREECEM,Cement,Cement
SHRIRAMFIN,NBFC,Vehicle Finance
SIEMENS,Consumer Goods,Capital Goods
SUNPHARMA,Healthcare,Pharmaceuticals
TATACONSUM,Consumer Goods,FMCG
TATAMOTORS,Auto,Passenger and Commercial Vehicles
TATAPOWER,Power,Power Generation
TATASTEEL,Consumer Goods,Metals
TCS,IT,IT Services
TECHM,IT,IT Services
TITAN,Consumer Goods,Jewellery and Watches
TORNTPHARM,Healthcare,Pharmaceuticals
TRENT,Consumer Goods,Retail
TVSMOTOR,Auto,Two Wheelers
ULTRACEMCO,Cement,Cement
UNIONBANK,Banking,Public Bank
UNITDSPR,Consumer Goods,Beverages
VBL,Consumer Goods,Beverages
VEDL,Consumer Goods,Metals
WIPRO,IT,IT Services
ZOMATO,Consumer Goods,Food Delivery
ZYDUSLIFE,Healthcare,Pharmaceuticals
